Price,Close,High,Low,Open,Volume
Ticker,WFC,WFC,WFC,WFC,WFC
Date,,,,,
2023-01-03,38.01293182373047,38.33129669196936,37.70366160747691,37.84920032865995,15944300
2023-01-04,38.79520034790039,39.16814350508434,38.41315906961245,38.44044649309141,18943600
2023-01-05,38.58599090576172,38.77701330810322,38.140280063437935,38.73153310560935,12380700
2023-01-06,38.931640625,39.11356487654864,38.294907479538004,38.74062172233635,15247000
2023-01-09,38.55869674682617,39.231815423943004,38.349485075944074,39.22271730308233,21225600
2023-01-10,38.53141403198242,39.00441574695445,38.22214381334367,38.81339335462107,18348800
2023-01-11,38.877071380615234,38.95893713211306,38.222145368632695,38.549608374623965,18272100
2023-01-12,38.95893096923828,39.6138534077023,38.9316400764448,39.1590445201973,20940400
2023-01-13,40.223304748535156,40.35065069966556,36.803139492864986,37.63998976730566,41649700
2023-01-17,40.13234329223633,40.35974778149185,39.27730366180577,39.87765137464364,25473900
2023-01-18,39.459224700927734,40.57805427962996,39.38645360479254,39.98680126824049,20278000
2023-01-19,39.068084716796875,39.29548916396109,38.67694879008109,39.03169917247064,18565300
2023-01-20,39.95041275024414,39.96860552292548,38.895256224142514,39.18633711712737,23237200
2023-01-23,40.960086822509766,41.096530875142825,39.904930354552164,39.96860332046988,19692000
2023-01-24,40.43251037597656,41.11472370019467,40.35973928916676,40.85093371538373,13697200
2023-01-25,41.24207305908203,41.314840682021845,40.05047243793201,40.06866521114613,17285300
2023-01-26,41.66959762573242,41.75146337627087,41.078344597408396,41.41490225188116,16724600
2023-01-27,41.95158004760742,42.17898454142347,41.669600696022535,41.669600696022535,18161800
2023-01-30,42.1062126159668,42.433675608871084,41.669596448733365,41.76055684902151,19427400
2023-01-31,42.63378143310547,42.64287955343045,41.89699330292817,42.133492382634365,22840400
2023-02-01,43.05221176147461,43.479729764176895,42.26993990515789,42.442766036470175,21874600
2023-02-02,43.23529815673828,43.54654118263178,42.502962652298045,43.317686119241,19058000
2023-02-03,43.555702209472656,43.976794735090095,42.97898640748698,43.02475672687122,17346900
2023-02-06,43.647239685058594,43.72047149235585,43.16206804905406,43.26276134758137,15948900
2023-02-07,44.05917739868164,44.31549394999433,43.34514723251598,43.42753519430236,21764800
2023-02-08,44.16902542114258,44.49857725762434,43.58315704164211,43.66554500076255,18070500
2023-02-09,43.54653549194336,44.51688209105314,43.473303697094885,44.3704150093055,17362100
2023-02-10,43.49161148071289,43.67469621624037,43.00643989980832,43.400070858974594,18929000
2023-02-13,44.05917739868164,44.07748622263985,43.143757153077914,43.33599456656243,16451700
2023-02-14,44.39788055419922,44.70912356786946,43.71131539098995,43.876091309524256,16844400
2023-02-15,43.9127082824707,44.178177487545845,43.66554440846203,43.86693447865169,12854000
2023-02-16,43.226139068603516,43.76623707764549,43.19867409048232,43.57399619899958,12631700
2023-02-17,43.47330856323242,43.54654036627802,43.04305993466715,43.1071390718512,13463800
2023-02-21,42.32903289794922,43.08882987165882,42.08186901723375,43.08882987165882,13652700
2023-02-22,42.11848449707031,42.31987807110973,41.82555029413179,42.06356151655131,13402900
2023-02-23,42.33818817138672,42.51211676835775,41.91709567847712,42.21918255659009,14783600
2023-02-24,42.6768913269043,42.805049603925895,41.83470636816168,41.96286464518329,16040300
2023-02-27,42.823360443115234,43.418385033915484,42.76843746012225,42.969827551182036,15468200
2023-02-28,42.814205169677734,43.05221289627477,42.60365893290506,42.72266105017803,18627200
2023-03-01,42.73181915283203,42.95151806552738,42.338188151197336,42.567043222284894,13382200
2023-03-02,41.926246643066406,42.67689096675932,41.541771815246136,42.53042386682049,19115000
2023-03-03,42.8874397277832,43.00644534475071,42.026945901525146,42.12764269341678,14947200
2023-03-06,42.6860466003418,43.18952703194257,42.576193657698994,42.914901659437696,14236000
2023-03-07,40.69043731689453,42.356502158917145,40.388346909908826,42.283266851023036,24056800
2023-03-08,40.13201904296875,40.791122660661436,39.912316673054285,40.51649382525568,14852000
2023-03-09,37.65123748779297,39.84824408753047,37.37661209933219,39.7658561217871,33599800
2023-03-10,37.861778259277344,38.7771984164473,36.36964242531611,37.14775165414103,55435400
2023-03-13,35.161285400390625,37.120283827753546,34.97820068458884,36.43371876253474,78806900
2023-03-14,36.772430419921875,38.081481680053514,36.04009490531531,37.98994105024689,52855100
2023-03-15,35.5640754699707,35.68308108076131,34.85920494741769,35.06059502869663,47324600
2023-03-16,35.97601318359375,36.6717344915678,34.92328204818043,35.36268332540307,40388800
2023-03-17,34.56626892089844,35.48168921902876,34.35572267137462,35.48168921902876,47403800
2023-03-20,34.30995178222656,35.19791057404888,34.28249029119742,34.8958202045233,34283700
2023-03-21,35.225379943847656,35.664781358849986,35.11553046311008,35.33522942458523,34664700
2023-03-22,34.05363082885742,35.4359137411985,34.04447467166101,35.4359137411985,22994400
2023-03-23,33.51353454589844,34.456416247529404,33.42199042939724,34.31910531085408,30239900
2023-03-24,33.165679931640625,33.3945350265253,32.268568378738905,32.95513366339292,35694800
2023-03-27,34.3007926940918,34.50218274401993,33.83392648169574,33.88885294552192,27454600
2023-03-28,34.035316467285156,34.41063853408641,33.751535005245096,34.200092349495485,15270000
2023-03-29,34.758514404296875,34.79512856707374,34.14518090809857,34.41980633520973,20789100
2023-03-30,34.218406677246094,35.24367628222758,34.026165789020794,35.060591551182476,22340400
2023-03-31,34.218406677246094,34.740195890891634,34.154327545187925,34.538802337536936,30287900
2023-04-03,34.52965545654297,34.93243913867271,34.236721234621086,34.34657069482895,21541000
2023-04-04,33.69662094116211,34.60288504068501,33.31214261708334,34.511344411740666,21942700
2023-04-05,33.76985168457031,33.879701134261346,33.20229212044043,33.412838354036175,15486900
2023-04-06,34.69443130493164,34.87751257413018,33.92547810132311,33.97124841862274,23484900
2023-04-10,35.3626823425293,35.43591414067219,34.42895334486424,34.51134130030677,27005800
2023-04-11,36.04009246826172,36.195715718871064,35.43591527305974,35.49084174246026,25116100
2023-04-12,35.87532424926758,36.47950157409758,35.60069882744516,36.08587052239982,20252900
2023-04-13,36.30556869506836,36.323877519981764,35.73800909095807,35.99432565564312,22397800
2023-04-14,36.287261962890625,37.083676686271815,35.81124296384339,36.387958759696005,40963100
2023-04-17,37.80685806274414,37.80685806274414,36.214028680655886,36.46119258312848,31445100
2023-04-18,38.328643798828125,38.50257587629044,37.660387454393955,37.724466590706065,27892300
2023-04-19,38.66735076904297,38.822970526796304,38.25541098079748,38.42018689609567,23310500
2023-04-20,38.14555740356445,38.4934180513724,37.944167337613216,38.328642138834475,19265500
2023-04-21,37.751930236816406,37.89839732778544,36.80904506490551,37.724465256474716,23975300
2023-04-24,37.94416809082031,38.08147902596035,37.568845947489365,37.65123390539377,17327800
2023-04-25,37.12029266357422,37.58715897460045,36.97382555447902,37.25760710612342,20728000
2023-04-26,36.12248229980469,37.028749885636074,35.92109221899304,36.836512470840404,26915600
2023-04-27,36.30556869506836,36.41541815249748,35.99432565564312,36.1865630791569,21695800
2023-04-28,36.3879508972168,36.543570646253244,35.664768141922075,35.93024082303797,20193000
2023-05-01,36.973819732666016,37.69700249772531,36.79073500211229,37.06536384396827,26564300
2023-05-02,35.5549201965332,36.62596013895114,35.07890128033049,36.62596013895114,36239500
2023-05-03,35.3809928894043,36.31471844052452,35.34437524252284,35.72885005862516,25202700
2023-05-04,33.87718200683594,35.1318929729214,33.58195631121205,34.7628590937076,53247000
2023-05-05,35.00273132324219,35.316409088705186,34.43995971757072,34.559892746006454,27039700
2023-05-08,35.408668518066406,35.77769889766643,35.19647525793857,35.4547968755954,22735400
2023-05-09,35.5562858581543,35.67621889898207,34.845897800635484,35.00273493988804,18999100
2023-05-10,35.31641387939453,36.19286688878845,34.965835491131884,36.16519057375947,17941600
2023-05-11,35.36254119873047,35.50092627538023,34.51376461393219,34.836666645483156,18536200
2023-05-12,34.58757400512695,35.54705586908052,34.30157253912669,35.48247546052696,17658600
2023-05-15,35.76848220825195,36.0729322479082,34.55989927660119,34.689060112780744,24405800
2023-05-16,35.41789627075195,35.768478157369785,35.35331585997609,35.68544569789105,21821200
2023-05-17,37.327640533447266,37.46602914353562,35.879188097161595,35.971448343676684,29241600
2023-05-18,37.09699249267578,37.19847699676217,36.50654103548405,37.19847699676217,27213900
2023-05-19,36.93092727661133,37.32763750603009,36.552669094999054,37.20770447434033,19774900
2023-05-22,37.8073844909668,38.03802983572821,36.99551189198339,37.087772141509156,27519400
2023-05-23,38.019569396972656,38.85911812588673,37.8073761489359,37.83505245800264,26116600
2023-05-24,37.705894470214844,38.09338042290356,37.53060530076528,37.72434651742556,21193700
2023-05-25,37.733577728271484,38.0933838831433,37.38299583815885,37.47525256322447,17691800
2023-05-26,38.038028717041016,38.305578153744186,37.60441435544406,37.73357870098144,17399400
2023-05-30,37.8073844909668,38.213319030774166,37.21693297147656,38.047257620365116,14752600
2023-05-31,36.727962493896484,37.33686600571582,36.257444064227535,37.1708010916407,27221100
2023-06-01,36.95860290527344,37.392213661629036,36.60802107555302,37.09698796903328,17079400
2023-06-02,38.04724884033203,38.33324674944148,37.25382847434867,37.47524598337742,16906100
2023-06-05,37.318416595458984,37.97344851429694,37.30918881104235,37.97344851429694,18443900
2023-06-06,38.065704345703125,38.397834189507876,37.14312301040925,37.27228735361993,18825100
2023-06-07,38.8129997253418,38.87758014263903,37.816613630349565,38.24100023526535,17781800
2023-06-08,39.08976364135742,39.11744346994897,38.342475137375914,38.47163593957677,17157300
2023-06-09,38.868350982666016,39.18202876405463,38.77609074145269,39.052867945724316,11098900
2023-06-12,38.591583251953125,39.44958075172089,38.20409721780969,38.84990492846949,19433400
2023-06-13,39.34809494018555,39.98467478780569,38.31480132168385,38.45318992825575,18864000
2023-06-14,38.82222366333008,39.66177252437022,38.739191203694524,39.44035145888594,14826100
2023-06-15,39.080543518066406,39.13589614237746,38.397831823494414,38.58234878305724,14188200
2023-06-16,38.91447830200195,39.43112508086294,38.803769534877546,39.28351221824098,36422100
2023-06-20,38.64693069458008,38.87757602316494,38.13951167556707,38.85912397455394,16679600
2023-06-21,38.425506591796875,38.71150449803425,38.314794319026454,38.61002000767861,11686500
2023-06-22,37.88118362426758,38.40705460291441,37.752019305845145,38.33324642095873,11504400
2023-06-23,37.466026306152344,37.585962857854625,37.180024842667905,37.392218114529925,18952000
2023-06-26,37.44757843017578,38.02880568616621,37.3276418651117,37.62286762575507,13618500
2023-06-27,37.742801666259766,37.88119027202853,37.21693059532795,37.47525223876998,11749600
2023-06-28,37.475242614746094,37.7704682798253,37.25382512562046,37.75201623583691,13959600
2023-06-29,39.16357421875,39.21892684058038,38.16718479338578,38.268669292565626,23956300
2023-06-30,39.37576675415039,39.873961457636696,39.32041061397367,39.62486410589354,20062200
2023-07-03,40.04001998901367,40.224533388179886,39.431116621409664,39.560277408573015,9249100
2023-07-05,40.113834381103516,40.24299519961635,39.458802504720786,39.88318905679678,15722200
2023-07-06,39.56950759887695,39.95699353778558,38.96983192301154,39.8739610879743,14978600
2023-07-07,39.45880126953125,40.06770476586563,39.2927363596793,39.2927363596793,13506500
2023-07-10,39.043636322021484,39.661767559569036,39.00673222916563,39.40344242894606,16675800
2023-07-11,39.431129455566406,39.60641864957494,38.81299810519243,39.0713197635984,15401100
2023-07-12,39.910865783691406,40.45518889547876,39.680220456991144,39.95699766452617,13998300
2023-07-13,40.32602310180664,40.37215145758354,39.947764953447376,40.104605586330365,18034800
2023-07-14,40.18764114379883,41.80215835648124,39.94776804421124,41.28551158145031,30897600
2023-07-17,41.276283264160156,41.63608935884178,40.17840941494733,40.1876371975313,25173900
2023-07-18,42.0697021484375,42.161962381892074,41.147120930100115,41.30396156728886,24183200
2023-07-19,42.678611755371094,42.96461324119822,42.01435557571847,42.37416173956542,18932700
2023-07-20,43.481258392333984,43.58274290015519,42.63248175185803,42.780094621588404,18927200
2023-07-21,42.40182876586914,43.55505520218652,42.39260450290043,43.5273788939126,16215400
2023-07-24,42.82621765136719,43.20447932228428,42.40183114365218,42.41105892650615,12053200
2023-07-25,41.9589958190918,43.02918995360384,41.912867459375505,42.79854463565411,13537400
2023-07-26,42.84467315673828,43.20448281036437,42.54022316596946,42.88157725239761,19520900
2023-07-27,42.22654724121094,43.5181589715484,42.05125805820349,42.955387325250236,19509600
2023-07-28,42.56789779663086,42.65093024890051,42.04202677204581,42.48486534436121,12616400
2023-07-31,42.58635330200195,43.06609600747703,42.30957961175014,42.752418220026726,11696600
2023-08-01,42.17118453979492,42.58634677118982,41.82983049147818,42.447958187602225,12699200
2023-08-02,41.60841369628906,41.672994103371146,41.11022248727988,41.60841369628906,13911700
2023-08-03,41.98033905029297,42.20348836041239,41.38526594722105,41.57122607025013,12145400
2023-08-04,41.70138931274414,42.49171880145507,41.571218314976,41.93383853644259,10840800
2023-08-07,41.89665222167969,42.26856887689707,41.766477668114995,42.008226863555514,10860300
2023-08-08,41.35736846923828,41.42245397286628,40.33459322917499,40.89246998795607,14520000
2023-08-09,40.650718688964844,41.14350987563319,40.511247745205324,41.11561710563867,11973800
2023-08-10,40.6042366027832,41.27369163244959,40.55774745836623,40.91107134034508,11982200
2023-08-11,40.6600227355957,40.771597383429146,40.33459520154228,40.45546625882263,7316000
2023-08-14,40.6693229675293,40.82738675745661,40.23231723578698,40.47406289887997,10677000
2023-08-15,39.73021697998047,40.22300815073103,39.53496050253892,40.102137120063404,13835900
2023-08-16,39.25603485107422,39.73022981330173,39.181649380272944,39.665144299797845,10076700
2023-08-17,39.48847961425781,39.74882163852156,39.29321954916594,39.48847961425781,12686000
2023-08-18,39.51637649536133,39.78601850387846,39.09796709367862,39.14445623900016,10797300
2023-08-21,39.507076263427734,39.86039657120934,39.16304881815931,39.65584364220265,12600400
2023-08-22,38.58657455444336,39.58145703631243,38.52148904978979,39.47917880131568,13634500
2023-08-23,38.68885040283203,38.71674317542179,38.32623017159006,38.64236126621784,11927400
2023-08-24,38.521488189697266,39.21883590703879,38.48429546018451,38.54008455445364,10363300
2023-08-25,38.33553695678711,38.86552106081085,37.90783110913545,38.716753655240936,12534700
2023-08-28,38.93989562988281,39.11655576610954,38.39131531045969,38.502889946661114,10314500
2023-08-29,39.05147171020508,39.39549558690279,38.72604419804425,38.93059711416225,14404800
2023-08-30,38.6237678527832,39.172348219283464,38.55868234717249,39.10726271367276,12536300
2023-08-31,38.39132308959961,38.78183616888017,38.2239593279381,38.753943390901405,21534900
2023-09-01,38.72604751586914,39.042178646292754,38.59587295295833,38.63306568521856,12890300
2023-09-05,38.6237678527832,39.31181563978039,38.409914970506016,38.72604608928404,14337200
2023-09-06,38.14027404785156,38.49359790730189,37.749757456481376,38.31693420412966,18775400
2023-09-07,37.59169387817383,38.14027426295608,37.47081927219966,37.870632275357615,13801000
2023-09-08,38.121673583984375,38.23324822085603,37.49871135231607,37.61028598918772,13921200
2023-09-11,38.42851257324219,38.791132843861206,38.31693437697929,38.47500171490465,15053800
2023-09-12,39.553558349609375,39.953371273800265,38.372715939428545,38.502886929277956,18393900
2023-09-13,39.28392028808594,39.86969334705038,39.163045694069254,39.71162602458336,15274200
2023-09-14,40.02775192260742,40.34388297957898,39.702324458177884,39.80460267468241,20764500
2023-09-15,39.93478775024414,40.26951528712356,39.618656581735195,39.674442139952035,47371800
2023-09-18,40.38108444213867,40.539148231384644,39.76741855720036,39.971975034477836,15849700
2023-09-19,40.185829162597656,40.66932404852916,39.8882943938543,40.49266034109802,15318100
2023-09-20,39.860389709472656,40.650719155015146,39.81390057665098,40.35318444868422,16788100
2023-09-21,39.34900665283203,40.13933264182722,39.321113879329154,39.7488196252114,14990500
2023-09-22,38.33553695678711,39.41410153389267,38.26115502744952,39.35831597361315,16780300
2023-09-25,38.642364501953125,38.69815005180388,37.907824022503014,38.01010225975481,10624000
2023-09-26,37.796241760253906,38.40990751322166,37.52659983399252,38.168158356265465,15219400
2023-09-27,37.99150466918945,38.307635780095396,37.61958446333754,37.777651792237485,11815500
2023-09-28,38.037994384765625,38.30763636075071,37.861334235099875,37.97290887978909,12454600
2023-09-29,37.99150466918945,38.48429592708339,37.73116265322948,38.307635780095396,13124500
2023-10-02,36.829261779785156,37.89852626094232,36.67119443663498,37.84274070786106,15102000
2023-10-03,35.95524597167969,36.69908636128556,35.76928942117206,36.615404494799584,19252900
2023-10-04,36.234188079833984,36.36435908462442,35.69490414925205,35.806478789516156,14343500
2023-10-05,36.54102325439453,36.65259790695505,35.8901646118187,36.03893199753081,11820600
2023-10-06,36.90363693237305,37.08959701796368,36.03892554923615,36.1598001369041,13976800
2023-10-09,36.912940979003906,37.00591925865845,36.35506066039457,36.364360616496434,12096600
2023-10-10,37.02451705932617,37.54520466750198,36.931538776067065,37.117495342585286,14429700
2023-10-11,36.90363693237305,37.38713173615126,36.494527581588535,37.201171650560624,14835900
2023-10-12,36.950130462646484,37.20117250503236,36.55961391924703,36.90363778001072,14878100
2023-10-13,38.08448791503906,38.71675021932479,37.62888932767972,37.96361684723033,28077900
2023-10-16,38.72604751586914,39.20953884767545,38.493598259583955,38.55868376759227,18419000
2023-10-17,39.032875061035156,39.39549529962548,38.52148745412845,38.52148745412845,16982300
2023-10-18,38.61446762084961,38.995684242515885,38.44710387993329,38.7725349525568,16053200
2023-10-19,38.28903579711914,39.256025403446515,38.270439433894346,38.56797415170375,16120300
2023-10-20,37.442928314208984,38.20536162540745,37.136093579585676,38.16816889147232,17498900
2023-10-23,36.708377838134766,37.5451963905645,36.65258875234166,37.43361821897829,13785800
2023-10-24,36.522430419921875,37.03382168297753,36.48524123006795,36.838561588495104,15097800
2023-10-25,36.289981842041016,36.45734561377282,35.87157595960616,36.32717457951357,13849000
2023-10-26,36.866455078125,37.17328626545726,36.243489199647236,36.280681933534275,15480300
2023-10-27,36.03893280029297,36.64330231333869,35.908761778257116,36.61540953630081,13582800
2023-10-30,36.66189193725586,36.81065929891957,35.973840672752665,36.35505725869677,14141900
2023-10-31,36.978023529052734,37.015216256699915,36.485232301855675,36.85714893764627,11919200
2023-11-01,36.829261779785156,37.17328569573187,36.522427050261186,37.15468932907336,19850300
2023-11-02,38.001869201660156,38.030014220172035,36.9512136924285,37.27954599929228,19998500
2023-11-03,39.04314422607422,39.26828647468923,38.52719756370333,38.621004746492716,16147500
2023-11-06,38.78047561645508,39.20261503469761,38.60224056364784,39.20261503469761,15148600
2023-11-07,38.49905776977539,38.64915141576124,38.21763263086628,38.63038926269866,13796900
2023-11-08,38.44276809692383,38.639765319840535,37.92682145563575,38.5271959893902,19418700
2023-11-09,37.898685455322266,38.8180095393519,37.776733242370014,38.74296092260744,14006500
2023-11-10,38.35833740234375,38.414623852714385,37.861152948869616,38.11443660776613,14706600
2023-11-13,38.24576950073242,38.517815319857455,38.020627269401345,38.21762806375892,12159700
2023-11-14,39.474666595458984,39.75609172251583,38.89305061055823,38.930574915103044,20183800
2023-11-15,40.18760299682617,40.36583804241269,39.46527637232191,39.46527637232191,17268100
2023-11-16,39.89680099487305,40.30017830725811,39.39023721664615,40.16884682480986,16931200
2023-11-17,40.3001708984375,40.328315909869715,39.812365782940745,40.1782223034487,13893800
2023-11-20,40.14070510864258,40.29079874161717,39.87803856705119,40.206370849411805,10369100
2023-11-21,39.962459564208984,40.084411738245215,39.540323754531194,39.99998386060688,16078400
2023-11-22,40.131317138671875,40.178224300552515,39.774847042274374,40.01874782288919,11862200
2023-11-24,40.26265335083008,40.44089199855878,40.084418281615825,40.15008402177447,5287200
2023-11-27,40.3564567565918,40.36583604125706,39.887413796024966,39.99998310457714,15715000
2023-11-28,40.684791564941406,40.75984016769525,40.14070350903341,40.30955928671521,15332900
2023-11-29,41.06940460205078,41.407116140099184,40.92869384687339,40.98497671753868,16746000
2023-11-30,41.82925796508789,41.97935159300611,40.78798185580522,41.09755197630087,23247500
2023-12-01,42.232635498046875,42.43901557953526,41.632260983005445,41.75420959614459,18116100
2023-12-04,42.326438903808594,42.52343968155146,41.7635887407223,41.94182379071301,13424000
2023-12-05,41.73544692993164,42.1857277720448,41.66039833365576,42.16696562297583,14531700
2023-12-06,41.744834899902344,42.44839953304677,41.67916915375672,42.026260037457156,18923800
2023-12-07,42.589107513427734,42.62662823523887,41.885542985641024,42.0168744582656,18787800
2023-12-08,43.245765686035156,43.470907913687434,42.32644178194077,42.55158400959305,20238400
2023-12-11,43.15195846557617,43.35833854249264,42.74858117624725,43.05815129162195,21116900
2023-12-12,43.59286117553711,43.864903418397255,42.973724507400036,43.09567312096981,19787100
2023-12-13,44.80298614501953,44.8217482945918,43.48028501754477,43.620999350079714,26549100
2023-12-14,47.38272476196289,47.420249062767525,45.44088692675177,45.44088692675177,41115400
2023-12-15,47.19511032104492,47.62662904389656,46.82925375669929,46.9981095314698,44099200
2023-12-18,46.585357666015625,47.35458801613212,46.463405465578234,47.2889222724769,20531700
2023-12-19,46.988731384277344,47.20449075093191,46.25702539488234,46.59473337409317,20556400
2023-12-20,46.28517150878906,47.439017061932105,46.23826791625767,46.744835304032094,20481500
2023-12-21,46.38835525512695,46.74482895124605,46.08816800950484,46.54782816376372,11127700
2023-12-22,46.135074615478516,46.77297344880835,46.05064672346384,46.58535551338526,10450400
2023-12-26,46.56658935546875,46.594730790880895,45.99435631199393,46.116308496303525,8856600
2023-12-27,46.275787353515625,46.500926005387825,46.1069315753543,46.350832377968246,12536700
2023-12-28,46.41650390625,46.575980418190554,46.05065086743581,46.09755446088369,9872600
2023-12-29,46.17259979248047,46.51031136693325,46.1632169273487,46.29454841107711,11733600
2024-01-02,46.275787353515625,46.67916106966285,45.797361455887085,46.01312082164559,14916000
2024-01-03,45.66602325439453,46.050638341675636,45.32831174780354,46.050638341675636,21653600
2024-01-04,46.228878021240234,46.77296963171299,45.750455724543656,45.797359309943054,15917500
2024-01-05,46.82925796508789,47.34520820020578,46.23826627879492,46.3414563258185,15074800
2024-01-08,46.82925796508789,46.89492728652393,46.10693479295204,46.32269417376743,15119700
2024-01-09,46.238258361816406,46.39773125917342,46.013116154267344,46.378969110334836,13625200
2024-01-10,46.0412712097168,46.07879193706434,45.60036956212153,45.966222597992164,11849800
2024-01-11,46.00373840332031,46.041262702248915,45.34707748612618,45.8630240715951,21049200
2024-01-12,44.46527862548828,45.75983475207694,44.0900427873815,44.981225218999484,30454100
2024-01-16,43.92118453979492,44.14632674565799,43.358334392908205,43.87428095730669,25209900
2024-01-17,43.78047180175781,44.14632834686935,43.348953101592315,43.37709811491725,17445600
2024-01-18,43.56471252441406,43.7335682905893,43.26452529088345,43.667902556911606,17901300
2024-01-19,45.14070129394531,45.196987747168016,43.508433514145366,43.74295503480169,25606900
2024-01-22,45.52531433105469,45.90055017808931,45.17822349858192,45.243889235035844,19372200
2024-01-23,46.078792572021484,46.17260333796997,45.40337294976653,45.6378944968655,16422100
2024-01-24,46.42587661743164,46.988726772724995,46.200734408205896,46.31330372356176,17776000
2024-01-25,46.791725158691406,46.848008021798755,46.435251518785584,46.60410726513499,17979600
2024-01-26,47.204490661621094,47.37334644016421,46.68854403985683,46.754209778344226,19211100
2024-01-29,47.232627868652344,47.53281509728718,46.89491992032368,47.05439281993605,16725200
2024-01-30,48.0206184387207,48.095667032323746,47.485909734097696,47.49529259755503,14736800
2024-01-31,47.07316207885742,48.25514902281731,47.0543999269197,47.85177170244272,20394400
2024-02-01,46.03401184082031,47.20541041429458,45.23103954059579,47.063707724302446,27566100
2024-02-02,46.440223693847656,46.82754030669065,45.401082616556465,45.8167383267431,19329000
2024-02-05,46.005680084228516,46.213506164752275,45.571130384274674,45.92065917739844,14202700
2024-02-06,45.61835861206055,46.402437022490176,45.35384714999875,45.83563343913501,13926600
2024-02-07,45.79784393310547,45.91120392498851,44.824829828506914,45.769504836047005,15839600
2024-02-08,45.67503356933594,45.816736256951074,45.401080565541875,45.51444055344456,10839200
2024-02-09,45.401084899902344,45.59946579858337,44.84372646766799,45.55223276608542,16594000
2024-02-12,46.213497161865234,46.563029490546015,45.231037945461,45.34439793126745,14101900
2024-02-13,45.57112503051758,46.0151198441138,44.95708481958871,45.72227289116402,13660100
2024-02-14,45.84507751464844,46.02456807457728,45.306613042160336,45.911204477680364,12683400
2024-02-15,49.160888671875,49.548205284087025,45.9300982449425,46.034013073232174,46473600
2024-02-16,49.0380859375,49.425402597312306,48.48072746570672,49.066425038280286,24359700
2024-02-20,48.905826568603516,49.349824984355735,48.43348905521578,48.65076387893623,19839100
2024-02-21,49.746585845947266,49.7654797785713,48.30123423487568,48.783016904016485,18562500
2024-02-22,50.41730499267578,50.92743037021633,49.83160748715658,49.90718321878447,20467900
2024-02-23,50.88019943237305,51.031347298195996,50.464540098622905,50.56845493206044,20863500
2024-02-26,51.13526153564453,51.54147209599352,50.710157041831714,50.77628400713044,18099900
2024-02-27,51.77764129638672,51.85321342723135,51.23917680088973,51.27696106448737,19548200
2024-02-28,51.69261932373047,52.35388896857774,51.55091662632075,51.711513256961716,20045200
2024-02-29,52.514488220214844,52.618403056348455,51.90044797232504,51.99491764319626,28335600
2024-03-01,52.0138053894043,52.665629824447024,51.86265753764153,52.334995024856305,17761000
2024-03-04,52.722312927246094,53.43081917563257,51.70206219981798,51.834316122932925,19483500
2024-03-05,53.468605041503906,53.94094255460429,52.363336990600644,52.6278448447691,21786100
2024-03-06,53.95039367675781,54.21490154246671,53.156866475981715,53.67643704233108,25418600
2024-03-07,53.84647750854492,54.48885682676337,53.72366874380187,53.89371054001554,18116300
2024-03-08,53.9126091003418,54.3566075622999,53.7331221238894,54.04486304126984,17872500
2024-03-11,53.93149185180664,54.177105747791465,53.39302743045822,53.63864132644304,16622000
2024-03-12,54.422733306884766,54.89507085878809,53.940946985899636,54.082649692930445,23622800
2024-03-13,54.62110900878906,55.20680650831434,54.43217328530211,54.43217328530211,17444900
2024-03-14,54.19601058959961,54.91396569836941,53.959841809755524,54.66834814928779,24851100
2024-03-15,54.3282585144043,55.07455264095647,53.71422191698667,53.71422191698667,40782800
2024-03-18,54.57387161254883,54.63055340615474,53.95038629747939,54.41327499915652,16376500
2024-03-19,53.85592269897461,54.73447077861297,53.77090180082737,54.46051775449348,14504800
2024-03-20,54.129878997802734,54.328259891057655,53.16631002587262,53.487499683182655,22841600
2024-03-21,54.64944839477539,54.90451108228302,54.27158054945422,54.40383447549909,18141700
2024-03-22,53.96928787231445,54.81004810980949,53.95983910355079,54.6116672095656,13736600
2024-03-25,53.59141540527344,54.158222600119956,53.25133180909539,53.92205383651291,15028200
2024-03-26,53.544185638427734,53.98818409425198,53.459164734198616,53.978735325087875,11445900
2024-03-27,54.422733306884766,54.45107240683111,53.260783361640534,53.260783361640534,13762800
2024-03-28,54.75336456298828,54.86672816264242,54.37549670842242,54.46996277115156,14619000
2024-04-01,54.422733306884766,54.6777960173505,54.092094858362714,54.6777960173505,11039500
2024-04-02,54.17710876464844,54.791148944276685,54.02596091170674,54.1865575325099,14632900
2024-04-03,53.96928787231445,54.75336630817578,53.70477640167318,54.03541483906242,13226500
2024-04-04,53.544185638427734,54.791156498021785,53.411931699326786,54.53609378533442,12361900
2024-04-05,54.22434997558594,54.4321760386498,53.44026794473102,53.49694974573901,11081000
2024-04-08,54.592777252197266,54.77226423163699,54.139333617047164,54.20546058861178,15308800
2024-04-09,54.39439010620117,54.78170672541651,53.723668094289856,54.50775010109001,10643800
2024-04-10,53.78980255126953,54.129886186959396,53.29857103345637,53.64810343883193,16475200
2024-04-11,53.553627014160156,53.84647757548091,52.552273772600806,53.82758364213931,18995600
2024-04-12,53.34579849243164,53.8464750901017,52.27831473162365,52.873460991641274,27876700
2024-04-15,53.818138122558594,54.772258326299664,53.60086329603636,54.42272957090731,19407500
2024-04-16,53.289119720458984,53.808690280096656,52.58061342904871,53.75201208311942,25620000
2024-04-17,54.016517639160156,54.44162211658623,53.51584103444122,53.73311585542584,18867700
2024-04-18,55.49020767211914,55.85863032287172,54.054301328011185,54.4416179100394,24468500
2024-04-19,57.011138916015625,57.483476450046076,55.60357508264855,55.73582901559317,34334300
2024-04-22,57.71965026855469,58.088076604407775,57.00169873960064,57.05838054595874,21753400
2024-04-23,57.56849670410156,58.34312996292416,57.44569154125972,57.78577153487869,21731200
2024-04-24,57.24729919433594,57.57793758131945,56.727728704674824,57.24729919433594,19731600
2024-04-25,56.614376068115234,57.587390217020165,56.30263157168006,57.25675539078529,24002500
2024-04-26,56.59547424316406,57.0867056333953,56.094797689349974,56.47266549469404,18785900
2024-04-29,56.4915657043457,56.96390321626105,56.07590999117392,56.548247503089264,15338400
2024-04-30,56.038124084472656,56.6710582464646,56.01923015089759,56.30263194722486,18007700
2024-05-01,56.227054595947266,56.82220083553033,56.047567649123366,56.28373639140961,16365400
2024-05-02,56.5199089050293,56.82220462703468,56.03812262057435,56.793861925587805,15329500
2024-05-03,56.623817443847656,56.92611315150454,55.849184242520764,56.70883833685422,17298500
2024-05-06,56.8599853515625,57.51181338954308,56.52935055233252,57.12449679459552,16240100
2024-05-07,56.926116943359375,57.2567553731417,56.73718481622585,56.94501087680259,16268200
2024-05-08,57.84245300292969,58.03138873406415,56.7749691851219,56.822205820642516,18718400
2024-05-09,58.222496032714844,58.3080057199109,57.462411937842624,57.709441533905384,14224300
2024-05-10,58.802059173583984,58.87806939252187,58.39351330770966,58.39351330770966,14428200
2024-05-13,58.203487396240234,59.0680836433938,58.15598282484275,58.868562268904476,15203500
2024-05-14,58.802059173583984,58.89707194725634,57.97546797665146,58.48852608138202,14499600
2024-05-15,59.2296028137207,59.429124185779024,58.783051874418945,59.09658856568182,17489600
2024-05-16,58.01346969604492,59.36261838405302,57.927960016920004,59.33411636580022,21104100
2024-05-17,58.032470703125,58.55502822857729,57.851948260690754,58.34600376864981,15795800
2024-05-20,57.67142868041992,58.70704425326189,57.56691645183745,57.93745717181796,15029000
2024-05-21,58.393516540527344,58.62154358559845,57.74744414125396,57.78544925282696,18422100
2024-05-22,57.88996124267578,58.38401681784957,57.49091482164942,58.24149946226153,10340500
2024-05-23,56.70233154296875,57.74744678856912,56.398297885180746,57.71894476576621,13056100
2024-05-24,57.20587921142578,57.37689857486173,56.88284303875417,57.044362937273284,9913000
2024-05-28,56.51230239868164,57.177377299471644,56.23677079881103,56.977855916544634,11276300
2024-05-29,55.8187255859375,55.99924441497535,55.50518887699285,55.93273728720527,12835000
2024-05-30,56.255775451660156,56.426794821796484,55.676210211127795,55.8852346911537,13580800
2024-05-31,56.93034744262695,56.996858194313305,56.02774967918288,56.31278074260557,25386600
2024-06-03,56.37929153442383,57.196383293879755,55.676211482874095,57.196383293879755,13206500
2024-06-04,55.77122116088867,56.51230265765169,55.429182431808314,55.88523286245991,12520700
2024-06-05,55.752220153808594,55.9802435632792,55.2296625807078,55.92323952309492,11199100
2024-06-06,54.8496208190918,56.056255915242225,54.631096866549626,55.84723142830324,18587400
2024-06-07,55.44818878173828,55.75222242298476,54.69760414425052,54.69760414425052,14466700
2024-06-10,55.039634704589844,55.229656608177564,54.507574099417496,55.01113268757991,12787500
2024-06-11,54.2795524597168,54.8686171178477,53.69048417721942,54.8686171178477,19197800
2024-06-12,54.44106674194336,55.53368996458412,54.30805249731572,55.37217007870318,16929800
2024-06-13,54.412567138671875,54.745102764991486,53.86150395863767,54.583586496312385,15963700
2024-06-14,54.53608322143555,54.735604601971794,53.794998112582,54.146539925183866,15375400
2024-06-17,55.334171295166016,55.343670759802656,54.22254546562042,54.355559716732465,18361100
2024-06-18,56.103759765625,56.103759765625,55.01114001706012,55.30567056371521,15547400
2024-06-20,56.018253326416016,56.24628037919558,55.666715093399276,55.80923245443238,11985500
2024-06-21,55.20115661621094,55.54319535280057,54.46007510317788,55.39117853924593,62732600
2024-06-24,56.06575393676758,56.493302365236424,55.36267752050039,55.57170200205556,16198300
2024-06-25,54.346065521240234,56.05625564660218,54.32706296575804,55.837731695107244,26726900
2024-06-26,54.1655387878418,54.916123360587946,53.99452305071263,54.365063792497885,30425700
2024-06-27,54.55508041381836,54.602588609509304,53.519468436098876,53.59547502534473,13832200
2024-06-28,56.42679214477539,56.483799806905175,55.19165512689612,55.19165512689612,31074500
2024-07-01,57.56692123413086,57.585923788575954,56.597812703631035,56.635817812521225,14470200
2024-07-02,57.92795944213867,58.12748081666158,57.13936978421505,57.47190903278638,9543700
2024-07-03,57.6334342956543,58.08948477618528,57.15838125872198,57.956470505742956,6698800
2024-07-05,56.645320892333984,57.63343204033439,56.160768408346094,57.48141521943948,11436300
2024-07-08,56.06575393676758,57.39590379770027,55.7332182837178,56.977858458956725,12480000
2024-07-09,56.8923454284668,57.405399888099296,55.9802409599018,56.13226139163478,12233800
2024-07-10,56.74032974243164,56.996858789500834,56.4172935673482,56.56931037771884,12097200
2024-07-11,57.15837478637695,57.68093234295714,56.32228052122868,56.436295846726146,16852800
2024-07-12,53.718994140625,54.08003181128778,52.82589218051859,53.395957955465256,53042800
2024-07-15,54.8496208190918,55.33417692529274,54.194048961465285,54.20354842706847,27277300
2024-07-16,57.23439025878906,57.59542794958259,54.65960009922995,55.144156216170835,25577300
2024-07-17,57.87095260620117,57.956462285695714,56.90184411338523,57.15837315186885,17371100
2024-07-18,56.284278869628906,57.785444407212715,56.04675237876586,57.59542248964895,17739000
2024-07-19,56.274776458740234,56.78783455503731,56.16076475657422,56.3412835870343,12362800
2024-07-22,56.189273834228516,56.42680035779179,55.61921162742352,56.3032855507161,13638600
2024-07-23,56.69282531738281,56.92085236029762,56.09426112541935,56.246277945906925,10927800
2024-07-24,56.47429656982422,57.205878588924506,56.407789443030246,56.78783327416716,10777100
2024-07-25,56.72132873535156,57.6999367522844,56.48380223614521,56.58831447569468,14119600
2024-07-26,57.37689971923828,57.433907382976145,56.597813103320874,56.86384161869754,12538900
2024-07-29,56.616817474365234,57.794950525512945,56.38879043646455,57.709440839346044,8986200
2024-07-30,57.01586151123047,57.69993901557521,56.90184980196198,57.44340995144593,11503900
2024-07-31,56.37929153442383,57.120373072364394,56.24627727113879,56.83534199041547,11535800
2024-08-01,54.04203414916992,56.37929420601829,53.699995384876594,56.30328398090109,17752700
2024-08-02,50.60264587402344,52.797392121581865,50.1655979673859,52.42685134750365,27642600
2024-08-05,49.51952362060547,49.78555576472052,47.647817268371455,48.74043699188537,28594000
2024-08-06,49.7475471496582,50.317609258770574,49.45301300614246,49.671536935447755,18723500
2024-08-07,49.68103790283203,50.82116569673534,49.54802365801047,50.49812954886884,18407500
2024-08-08,50.12759017944336,50.65965083587444,50.02308156554979,50.3271151908342,16176000
2024-08-09,50.51053237915039,50.57755123144053,49.84995241166148,50.070145734157784,11669000
2024-08-12,49.84037780761719,51.19026108172244,49.47657841648083,50.654135855419085,18090100
2024-08-13,50.6158447265625,50.702007651487556,49.601041001950364,50.12759058669029,12268600
2024-08-14,51.37216567993164,51.48704836773874,50.472244596675594,50.76902517784849,13217200
2024-08-15,52.24336242675781,52.817779467518456,52.109332027383964,52.176347227070885,16549400
2024-08-16,52.9709587097168,53.06669366125136,52.28165537209419,52.444405520113804,19173900
2024-08-19,54.043216705322266,54.052788741637684,52.90395082486895,52.99011375992798,12792900
2024-08-20,53.75600051879883,54.301697812797364,53.53580354215317,53.64111418696947,12533500
2024-08-21,53.09541702270508,54.04320917631312,52.846503940575694,54.033633489276674,13691700
2024-08-22,53.574100494384766,53.96661967571609,53.28689196083459,53.32518740585585,15683000
2024-08-23,54.28254699707031,54.95270261966216,53.91874760445399,54.01448255680097,17074400
2024-08-26,54.30170440673828,54.71337134897981,54.12937854012299,54.58891296707877,9478800
2024-08-27,53.861305236816406,54.49316542697411,53.76557028305636,54.29211983284538,7638500
2024-08-28,54.63677215576172,54.914408637825105,53.64111255584403,53.669835963955215,11905200
2024-08-29,54.90483093261719,55.30692576290154,54.10064492410278,54.86653914330073,9283300
2024-08-30,55.977088928222656,56.082399580168186,54.93356174848344,55.000576953893365,20377300
2024-09-03,55.88134765625,56.43662064846388,55.43138896303162,56.120688707641236,15933600
2024-09-04,55.64200973510742,56.48449130597529,55.25906622257099,55.99623714057352,10985800
2024-09-05,54.435726165771484,56.1781286270054,54.12936992986581,56.120685463252684,18301000
2024-09-06,51.69766616821289,54.3591374430301,51.40088195510018,54.26340248502189,21853800
2024-09-09,52.262508392333984,52.731618426434515,52.1093302764744,52.39653878720432,17134800
2024-09-10,51.649803161621094,53.70813415346698,51.1041058192018,53.61239918716898,24650000
2024-09-11,51.43917465209961,51.56363301250742,50.19460200418459,51.42960261763179,17322000
2024-09-12,49.371273040771484,52.023172395679524,48.07883279130709,51.43917963114734,42594200
2024-09-13,50.52968215942383,50.77859890077188,49.54359818545298,49.64890883355756,24762000
2024-09-16,51.496620178222656,51.63065057924887,50.55840371898463,50.55840371898463,18066200
2024-09-17,52.1859245300293,52.72204983370103,51.66895060197799,51.66895060197799,15885200
2024-09-18,51.94657516479492,52.83692408205473,51.79339705279615,52.13804871780695,20109000
2024-09-19,53.420921325683594,53.62196693004677,52.319954693179625,52.664602735493105,21399000
2024-09-20,53.89002990722656,53.89002990722656,52.54014657607772,52.99010525175768,45276000
2024-09-23,52.76033401489258,54.11021719555865,52.5592884384656,53.86130049441224,14759300
2024-09-24,51.85084915161133,52.836933189316845,51.49662539131841,52.76991798201966,16365600
2024-09-25,51.32429885864258,52.01360229847167,51.132825275128404,51.965731163551986,10555700
2024-09-26,53.98576736450195,54.675070766235486,51.04665952396709,51.73596292570061,34463400
2024-09-27,53.51666259765625,54.205962368615374,53.420923982207235,54.205962368615374,13530400
2024-09-30,54.08150863647461,54.1102283956076,53.114568689042684,53.28689454795026,16284200
2024-10-01,53.028404235839844,53.64111676010304,52.84650634646631,53.6123970017953,11069400
2024-10-02,52.94224166870117,53.43049947557963,52.5784422354267,52.97096507925886,9007200
2024-10-03,52.63588333129883,52.856076659276276,52.09018602890807,52.731621942628976,8135300
2024-10-04,54.531463623046875,54.69421743512301,53.593247151013415,53.60282283810561,14582800
2024-10-07,54.72294616699219,55.17290858070137,54.37829441624092,54.78996137940992,11177800
2024-10-08,54.856971740722656,55.795188283657765,54.82825198138485,55.795188283657765,12073000
2024-10-09,55.08673858642578,55.26863647510783,54.636776230356595,54.876117287490466,12415300
2024-10-10,55.28778076171875,55.90049324557185,54.904833633283324,55.25906100530516,12744000
2024-10-11,58.38964080810547,59.08851619568083,57.36525781310664,57.40355325539815,37049200
2024-10-14,59.509761810302734,60.64902395643974,58.34177625318333,58.65770820960604,30758800
2024-10-15,60.34267044067383,61.09898911141376,59.57677973387293,60.227787747667435,24693400
2024-10-16,61.1660041809082,61.34790573414754,60.42883323602156,60.54371958082165,17412600
2024-10-17,61.635101318359375,61.96060892734195,60.79262349623715,61.74041195913826,15073500
2024-10-18,61.6159553527832,62.01804653023144,61.108553537797306,61.66382648043072,19234000
2024-10-21,61.29045867919922,61.93189830511678,61.19472371094746,61.73085268055512,15603400
2024-10-22,62.04677200317383,62.42971914731917,61.271309331758715,61.29045340211682,26164900
2024-10-23,61.80743408203125,62.276547826824746,61.13728202391143,62.008479699467195,18380900
2024-10-24,62.64034652709961,62.77437694495469,61.58724725647687,61.85530809218702,18393300
2024-10-25,61.778709411621094,63.13816479522249,61.510648609683805,63.042429837974744,14855500
2024-10-28,62.81266403198242,62.946694431995596,62.0467697712423,62.228671301592605,16158900
2024-10-29,62.515892028808594,63.186044120564524,62.45844520372238,62.697786279936636,13205500
2024-10-30,62.6212043762207,63.56899301845014,62.353136228175735,62.353136228175735,16021700
2024-10-31,62.15208053588867,62.94669455473691,61.87444404843173,62.32440637968577,12963200
2024-11-01,61.92231369018555,62.783942888456586,61.86487417833708,62.439291209148166,13313900
2024-11-04,60.984100341796875,61.89359706327242,60.36181215024661,61.80743048703478,12607400
2024-11-05,61.33832550048828,61.74999240871073,60.90751086955146,61.2713102970153,13447200
2024-11-06,69.38018035888672,71.10343142753798,66.96761863702272,70.17479434766543,63689100
2024-11-07,66.84317779541016,68.61430036011107,66.76658689537406,68.58558059862509,18681200
2024-11-08,67.4401626586914,67.5268183923678,66.78540351263823,67.41127741413261,14270900
2024-11-11,69.86661529541016,70.53100527265202,68.38377826205932,68.38377826205932,17117800
2024-11-12,69.90512084960938,70.64654292746637,69.43331147491539,70.07843962854523,17848200
2024-11-13,70.06881713867188,71.2146473888841,69.96290703251894,70.04956275924295,18823000
2024-11-14,70.09770965576172,70.74283788581454,69.81847340405321,70.14584927738298,13654800
2024-11-15,71.5805435180664,71.64795221546593,70.18436952334412,70.29028698183436,18837000
2024-11-18,71.33981323242188,71.92717092934605,70.98355214642199,71.73459776643774,18439600
2024-11-19,70.7043228149414,71.40722888589488,70.41545569620524,70.88727247988739,15412900
2024-11-20,70.8487548828125,71.04132806045193,69.74144074589618,70.93541060889149,14415400
2024-11-21,72.05236053466797,73.21744523529216,71.1953973470502,71.1953973470502,20068200
2024-11-22,73.14041137695312,73.25595969655768,71.78275351603148,71.80200789620082,14997400
2024-11-25,74.04551696777344,74.44029417966843,73.15003774787051,73.37149616410055,28636600
2024-11-26,74.47881317138672,75.229858866321,73.52556343136983,74.62324673107317,19139100
2024-11-27,74.3440170288086,74.9024895908597,73.59297126766236,74.49808146504199,19793900
2024-11-29,73.34261322021484,75.14320257902124,73.31372797773172,74.80619583972484,9785000
2024-12-02,72.48564910888672,74.09365791932183,72.02347054294165,74.09365791932183,18274500
2024-12-03,71.3879623413086,73.03448717609366,71.27241403237446,72.99597107311563,15047900
2024-12-04,70.34806060791016,71.493890975677,70.0110538368601,71.30131777684744,14301100
2024-12-05,70.92578125,71.84051478773199,70.38656317387392,70.67543026273415,17766700
2024-12-06,71.57090759277344,71.94643039097286,70.9931807760201,71.24352441068969,14798100
2024-12-09,69.92438507080078,71.78274474336669,69.73180456166205,71.55164813240022,15517500
2024-12-10,69.37554168701172,70.77171544784491,69.23110814543016,70.77171544784491,12277100
2024-12-11,68.94225311279297,70.21325527772001,68.79781954596564,69.89550289993916,11867400
2024-12-12,68.17194366455078,69.38516782888972,68.16231280242879,69.21184904167053,12446700
2024-12-13,67.82530212402344,68.41265979379848,67.42088674669664,68.22007929359646,16794500
2024-12-16,69.30814361572266,69.60663422852518,67.22831814973033,67.85419196197036,24602500
2024-12-17,68.18156433105469,68.8844703126778,67.76752543145643,68.4126609351526,15595900
2024-12-18,66.2076644897461,68.84595497303692,66.06323094713706,67.98899192540382,21201200
2024-12-19,66.2943344116211,68.06603871124808,66.1210155925945,66.82392173259032,16444600
2024-12-20,67.7290267944336,68.40304771088684,66.21730434726136,66.6024581072065,50113400
2024-12-23,67.92159271240234,68.06602625953522,67.03574439774057,67.1320309804307,11817000
2024-12-24,68.9326171875,68.9326171875,67.92159698634255,68.04676881709656,4442700
2024-12-26,69.0963134765625,69.1733383409671,68.47043962127596,68.7785611174822,6964300
2024-12-27,68.4704360961914,69.07704819449944,68.00825020257894,68.53783744044786,7219500
2024-12-30,67.79641723632812,68.1719400309214,67.18016697868802,67.79641723632812,8443800
2024-12-31,67.63273620605469,68.28749535552375,67.45941739160122,67.91197248190731,7031500
2025-01-02,67.5845947265625,68.56672975072985,67.17055575595748,67.86383099475624,8303300
2025-01-03,68.66300964355469,68.76892709170998,67.15128747447852,67.73864519745037,9152800
2025-01-06,69.35628509521484,70.53100054591005,68.87484481845095,69.2599985091012,15565600
2025-01-07,68.9326171875,70.4154541620601,68.85559232421836,70.26139708930098,13522000
2025-01-08,68.91336059570312,69.40443173261095,68.42228945879532,68.8555901135477,16544700
2025-01-10,67.36312103271484,68.29711632269775,66.76613245917024,68.26823108217381,14466600
2025-01-13,67.91197204589844,67.98900426209353,66.9779766265732,67.30535987230412,10439800
2025-01-14,68.54747772216797,68.80745227253952,67.68088364393516,68.80745227253952,21909800
2025-01-15,73.13078308105469,73.96849189865438,70.91616197402696,72.56268701866381,33482900
2025-01-16,73.13078308105469,73.60259989302278,71.91755874049898,73.03449648443546,22897900
2025-01-17,74.21882629394531,74.3825142061342,72.69747343123795,73.15965927610662,20673700
2025-01-21,74.96025085449219,75.38392065578789,74.45955619075743,74.80619378341832,21057700
2025-01-22,74.6617660522461,74.92174059392138,74.0070069201718,74.6906512961882,11669500
2025-01-23,74.55584716796875,75.39355595725242,74.17069344831432,74.825452567868,12981800
2025-01-24,74.4499282836914,74.76768064727753,74.14180678311591,74.14180678311591,10393200
2025-01-27,75.04691314697266,75.14319973366909,74.0358856211708,74.52695676337704,10637100
2025-01-28,74.98912811279297,75.2491099527087,74.30548386288066,74.97950459738496,11562000
2025-01-29,75.46095275878906,76.04831049296472,74.72916147017428,74.86396416199861,9175400
2025-01-30,75.89424896240234,76.29865705325624,75.18171937191747,76.21200132501441,11276000
2025-01-31,75.87498474121094,76.34679411934407,75.40316801688273,75.76906730074502,14980600
2025-02-03,75.23948669433594,75.59575514769882,74.16105781786679,74.36326920098877,12395200
2025-02-04,76.52011108398438,76.88600301297024,75.52834538878476,76.87637215146682,14665200
2025-02-05,77.0785903930664,77.367450148202,76.24088167616253,76.70306756905325,17931000
2025-02-06,78.3977279663086,78.47476016882496,76.9437837113369,77.51187967595594,16988900
2025-02-07,78.05907440185547,78.66868886990096,76.53021009932912,78.63965363323628,17951400
2025-02-10,76.53987884521484,77.96230258106037,75.71739108942644,77.8558622074621,18357400
2025-02-11,77.0624008178711,77.3817219325153,75.29162814480519,76.22055625629933,16682800
2025-02-12,76.68502807617188,77.13981743649306,76.2786233900203,76.63664340200225,13440500
2025-02-13,76.2979736328125,77.0817625443095,76.06574343577796,76.85920337623878,10093400
2025-02-14,77.39140319824219,77.73974479324623,76.33667785466622,76.66567739225984,17521300
2025-02-18,78.16549682617188,78.3299928838093,76.91724770519944,77.40106485057804,15318300
2025-02-19,77.7494125366211,78.03970577216951,77.38171416972826,77.72038468955898,13917400
2025-02-20,76.08509063720703,77.68168888257412,75.49483305932911,77.51719280545133,14807100
2025-02-21,74.99166870117188,76.8785528961509,74.8271726190383,76.35603679789891,18205400
2025-02-24,74.72071838378906,75.97863848634118,73.93693699929702,75.44644407534496,12989700
2025-02-25,73.54020690917969,75.51418177000596,72.50483850194111,75.34968571055306,15683000
2025-02-26,73.97563934326172,75.25291632502066,73.80146487381896,73.87887738967437,13466800
2025-02-27,74.14015197753906,75.39807229506891,73.90791440117822,74.4981719884487,13744400
2025-02-28,75.78512573242188,75.88188769569878,74.11111497611964,74.54655488456255,24698800
2025-03-03,74.53687286376953,76.42376427737996,73.84985336057106,76.3076454975924,18013400
2025-03-04,70.92760467529297,73.20154404528601,69.03103474931453,73.02736955749063,28858200
2025-03-05,71.759765625,72.2145475598988,70.09543339229499,70.84050857986153,20422000
2025-03-06,70.29862976074219,71.49849416402364,69.31163869125729,71.4017322154864,19460400
2025-03-07,68.75041961669922,69.91157781778064,65.89589401680637,69.91157781778064,21256900
2025-03-10,64.61862182617188,67.29897315607525,63.39940045705608,67.29897315607525,27582900
2025-03-11,65.1024398803711,65.80881622578599,63.660666721811126,64.66700736252297,24310700
2025-03-12,66.69904327392578,67.24091620630024,65.50884964607188,66.57325345247172,18462300
2025-03-13,66.24424743652344,67.4634687978911,66.0991008059499,67.37637786656126,17471500
2025-03-14,68.55689239501953,68.76977313375414,67.00867890758266,67.21188123570273,15762300
2025-03-17,68.54722595214844,69.24392398874843,67.81182903126223,68.18920590400965,11185000
2025-03-18,68.80848693847656,69.1665143458295,68.11178894712222,68.71172496911402,11102100
2025-03-19,70.40509033203125,71.44045898180529,68.53755539748941,68.83751973881307,14453200
2025-03-20,70.17284393310547,70.99533908486016,69.45679653916098,69.5148522411805,12388300
2025-03-21,70.17284393310547,70.42443094596449,68.84718952056205,69.6309710276842,32647100
2025-03-24,71.87588500976562,72.11779361972444,70.96630627393175,71.25659955886827,10688900
2025-03-25,71.8371810913086,72.24359317997951,71.44045479690729,72.0597402680204,9499100
2025-03-26,71.09210205078125,72.94027995493634,70.75343148012087,71.98232394579276,10848100
2025-03-27,69.94061279296875,71.18886204669336,69.88255709173747,71.18886204669336,10457600
2025-03-28,68.4020767211914,70.20187725955165,67.68602196423383,69.93093343173653,13555200
2025-03-31,69.46647644042969,69.73741289895213,67.30864841868633,67.63764796293843,14855300
2025-04-01,69.00200653076172,69.31164924269646,67.8408482066226,68.54721718269344,10661000
2025-04-02,69.92125701904297,70.12445933740845,67.9472821488962,68.2762742693554,8854100
2025-04-03,63.54454803466797,66.49583584999121,63.29296841095787,65.586257169374,25880300
2025-04-04,59.006343841552734,61.51251702457192,57.777447740334686,60.71905713106613,31050800
2025-04-07,60.1578254699707,62.24791919920907,56.5291966754298,58.72572708200641,41305800
2025-04-08,60.07074737548828,63.505845183334166,58.90958531758271,62.59627383634398,27374200
2025-04-09,64.18319702148438,65.01536326736179,57.50651761309204,58.677354451485805,42744800
2025-04-10,61.067405700683594,62.89623406996703,59.49983905433097,62.84784939846592,29026000
2025-04-11,60.4868278503418,61.5609026805275,57.71939642374905,59.548224943802545,33867000
2025-04-14,61.05772399902344,61.93827477212627,60.38038292930124,61.11578338695619,28057800
2025-04-15,62.45111846923828,63.30263399366072,61.25125031576025,61.386718526862374,20903300
2025-04-16,61.90924835205078,62.87688644145435,61.31899077856913,61.82216110856607,17351000
2025-04-17,62.61561965942383,63.583254036572946,61.996334248645546,62.29629854317316,18961800
2025-04-21,61.93827438354492,63.05105531893356,61.34801686257697,62.12211988276529,17859100
2025-04-22,64.08643341064453,64.26060790840765,62.615624900097096,62.615624900097096,17536600
2025-04-23,65.74108123779297,67.25058848749785,65.25726405442968,65.25726405442968,20678800
2025-04-24,67.30863952636719,67.58925435918262,65.31531523132553,65.50883913828467,18420900
2025-04-25,67.47315216064453,67.91826311326425,66.76677577732454,66.83450989223482,17775900
2025-04-28,67.182861328125,68.2762856179688,66.447457066235,67.55055976783744,16694100
2025-04-29,68.7988052368164,69.03103542867417,66.71838977391538,66.71838977391538,24563600
2025-04-30,68.71173095703125,69.09878625067657,67.08610462969347,67.4150968306893,23953000
2025-05-01,69.48582458496094,70.1244668388246,68.15049175751604,68.46981288444786,19672500
2025-05-02,71.41141510009766,71.7597640426319,70.51151489562817,70.6373046983629,18347400
2025-05-05,71.45980072021484,72.46614140684963,70.67601919933568,70.9759835083211,16070400
2025-05-06,71.1017837524414,71.78880333684978,70.21155443376814,70.77278419538573,18095100
2025-05-07,70.81147766113281,71.89523072398148,70.61795375605372,71.21788229127715,14310300
2025-05-08,70.9372787475586,71.59527046496555,70.27928703015164,71.30498456116142,19957500
2025-05-09,70.4897232055664,71.25834912983592,70.0810888933117,71.16105630638955,11136900
2025-05-12,72.85396575927734,73.21395732470299,72.06588434149666,72.96099007810751,20425500
2025-05-13,73.9339370727539,74.50797730720868,72.94153847105784,73.39882287232705,13635100
2025-05-14,74.21607971191406,74.42039682048855,73.77825839682085,74.17716110700013,14067100
2025-05-15,73.54476165771484,74.44959899200997,73.2820703000656,74.00204607933242,15303900
2025-05-16,74.1187973022461,74.28419582909481,73.33071585540675,73.51556997595759,13864600
2025-05-19,74.0020523071289,74.34258834199039,73.38910080571887,73.55449935678661,12720500
2025-05-20,73.47664642333984,73.8171823854318,73.03882507631508,73.43773523855289,10655600
2025-05-21,71.2096939086914,73.0971981051614,71.11239367938687,72.91234400000647,17711300
2025-05-22,71.40428924560547,71.89076076651733,70.51891493748838,71.16105348514954,9717000
2025-05-23,70.85944366455078,71.20970375417133,69.95460633685873,69.95460633685873,9260900
2025-05-27,71.98804473876953,72.08533754640135,71.073483439472,71.61832910058249,11014100
2025-05-28,71.73507690429688,72.3480282045247,71.34589829431027,72.19235379134422,8711100
2025-05-29,72.4939956665039,73.04857296111926,71.34592246079545,72.39670283679311,14016600
2025-05-30,72.75667572021484,72.77613873690672,71.73509003286999,72.19236700360572,17042000
2025-06-02,72.69831085205078,72.72749795787087,71.28753887935542,72.25075790921991,11237500
2025-06-03,73.60314178466797,73.77827182717833,72.35777589257924,72.69830446885878,13193500
2025-06-04,73.34043884277344,76.66790946142885,73.34043884277344,75.59766624968734,29578000
2025-06-05,72.8734359741211,73.71016759146967,72.17291579001844,73.56422464928723,20138400
2025-06-06,74.26473999023438,74.68310577162505,73.77826849666224,74.08960995562977,10988000
2025-06-09,74.3912124633789,74.62471667850075,73.87555391945914,74.47878118340282,13453200
2025-06-10,73.40853881835938,74.28418891274421,73.09719738735201,74.09933480940454,14892900
2025-06-11,72.90262603759766,73.67125196952723,72.55236593132679,73.4961219163918,16442400
2025-06-12,72.00751495361328,72.50371054903636,71.19023895726832,72.31885642294323,14522500
2025-06-13,70.40215301513672,71.79346174160838,69.98378724639444,70.94699869611617,21168300
2025-06-16,71.1707763671875,71.7253535368865,70.95672773625711,71.41401209816014,16231500
2025-06-17,70.53836822509766,71.22915687144268,70.34378259228382,70.81079108022347,14156800
2025-06-18,72.71776580810547,73.10694453587001,70.60648104541382,70.6843182755601,23498300
2025-06-20,73.35990905761719,73.72962475242812,73.03883606258933,73.2042346031916,27677500
2025-06-23,74.92634582519531,74.94580141995151,72.79559818552438,73.09720815352662,17375700
2025-06-24,75.99657440185547,76.61925729588317,75.61712724527501,75.61712724527501,16342300
2025-06-25,76.93060302734375,77.16410726986715,75.87982280153946,76.16197716344799,13954500
2025-06-26,77.79651641845703,77.93272783591657,77.04735362242963,77.29058935688815,18214800
2025-06-27,77.34896850585938,77.98138294050048,76.82357839506365,77.83544000589623,21324200
2025-06-30,77.95219421386719,78.9056741772106,77.74787707886503,78.30245428043256,21685800
2025-07-01,79.28512573242188,79.30458874995567,77.74788138073417,77.88409281160565,20967100
2025-07-02,80.13157653808594,80.1704951442105,79.05160934276601,79.7034792936809,15195100
2025-07-03,81.3380355834961,81.67856415839844,80.26779973824605,80.40401116820699,11237300
2025-07-07,80.11212158203125,81.32830030964017,79.29485304010167,80.7250804114443,18156000
2025-07-08,79.38241577148438,80.18996024263517,78.8375700670771,80.0732118333856,18303400
2025-07-09,79.57701873779297,80.28726305908698,79.2559457264298,80.19970174124262,16135400
2025-07-10,80.13157653808594,80.50129216182158,79.40186937492194,79.40186937492194,14348100
2025-07-11,80.31645202636719,80.44293195103972,79.2267531343047,79.53809461447021,12583100
2025-07-14,81.1726303100586,81.2601916122057,79.89807742570228,79.97590721995562,20194200
2025-07-15,76.72628784179688,78.88622255331715,75.61713338284855,78.56514957231468,53938000
2025-07-16,77.74787902832031,77.91327755752178,76.09387146740762,76.75547300717949,30567500
2025-07-17,77.55329132080078,78.46786018315125,76.95979545348398,77.31005555298132,21837600
2025-07-18,78.4581298828125,78.58460981175934,76.74574797255019,77.6895039539048,21236000
2025-07-21,78.10786437988281,79.25593743925435,78.00084005395246,78.5651487865005,14506600
2025-07-22,80.15103912353516,80.35535625629369,78.10786037298402,78.10786037298402,22437000
2025-07-23,81.43533325195312,81.65911342762669,80.37482885224065,80.75427606158425,19379200
2025-07-24,81.6007308959961,82.53475527166178,80.87102365660422,81.57153637112907,19031200
2025-07-25,82.0385513305664,82.17476275318845,80.9780470511569,81.84396570481088,14072400
2025-07-28,80.82237243652344,82.2136811842525,80.47211237255208,82.03855115226682,10627100
2025-07-29,80.41374206542969,81.43532778236843,79.97591325277067,81.36722206790584,12478200
2025-07-30,79.56726837158203,80.84182118237436,79.10998402552107,80.74452837794898,15579100
2025-07-31,78.44839477539062,79.71322369871278,78.15651631667758,79.14891495304805,14813900
2025-08-01,75.67550659179688,77.20302682989713,75.30579091800915,77.04735980728982,16071300
2025-08-04,75.48092651367188,76.40521947765808,74.82905642652511,76.39548796835192,13892100
2025-08-05,75.85063171386719,76.23007887164363,74.09933885250648,76.22034736368468,15765100
2025-08-06,75.51010131835938,76.68736137176886,75.46145120272007,75.80198716626424,14157000
2025-08-07,74.96525573730469,76.18143439999318,74.70255698930332,76.1619713845295,13105600
2025-08-08,76.18858337402344,76.5115425585024,74.72059522629053,75.4643779784492,14123000
2025-08-11,75.93412780761719,76.4234571760382,75.58181753160179,76.34517015168679,14408100
2025-08-12,77.78379821777344,77.86208524064361,76.48218033042339,76.5506861420432,14365200
2025-08-13,76.22772979736328,78.01867711023303,75.45458848525163,77.97952986406074,14415100
2025-08-14,77.71529388427734,77.8816640775793,76.05156955153696,76.60940473292922,16051500
2025-08-15,75.45458221435547,77.95016481777536,75.36650651771795,77.84251176639188,15380400
2025-08-18,75.78733825683594,75.94391977890247,75.26865029846876,75.34693732621506,11660900
2025-08-19,75.87541198730469,76.11028799757555,75.38608261040571,75.51331302700665,10118500
2025-08-20,76.4919662475586,76.805136727457,74.95546494733182,75.81668936698232,12101900
2025-08-21,76.16901397705078,76.40388999156772,75.43501989843323,76.21794243568095,9102700
2025-08-22,77.41191101074219,77.61742846653397,76.46261076262716,76.66812821841893,11282600
2025-08-25,78.47864532470703,78.78202713929396,77.18681611003,77.19659732131935,12017000
2025-08-26,79.77046966552734,79.88790392641252,78.07738689422669,78.11653413671276,14936600
2025-08-27,80.73934936523438,81.43419620317661,79.506237211561,79.52581456844611,15567700
2025-08-28,80.2304458618164,81.35589742653028,80.17172126082608,81.1112327443623,13963200
2025-08-29,80.4261703491211,81.04272262747003,80.0542827399449,80.22065292300479,12041200
2025-09-02,80.03470611572266,80.07385335913642,78.72330706094093,79.96620030639187,13326000
2025-09-03,78.79181671142578,80.259804811428,78.31226855615874,79.98578156074602,11174000
2025-09-04,80.0836410522461,80.37723417438067,78.5079999904325,79.02668789278607,10822300
2025-09-05,77.27488708496094,80.26958020251807,77.02043374210358,79.89769259878274,20661400
2025-09-08,77.4510498046875,78.08717946026285,76.88342596023114,77.30424950469728,17107000
2025-09-09,79.0364761352539,79.72153421637144,77.31403478856441,77.61741658640602,17157300
2025-09-10,78.58629608154297,79.50623017624349,78.2046197883705,78.93861380855961,16460200
2025-09-11,79.51602172851562,79.65303335324504,78.07739220228333,78.48842707647154,17785800
2025-09-12,79.72154235839844,79.89770123533035,79.06584277570835,79.3692246045346,10498300
2025-09-15,79.672607421875,80.07385360157784,79.39857671714893,79.86833617296323,9563200
2025-09-16,79.65303039550781,79.86833650253726,78.37098989747115,79.81940058127665,10705900
2025-09-17,80.71977996826172,80.95465598630084,78.82117953379606,79.48666780705187,14746100
2025-09-18,81.71800231933594,81.73757220825186,80.19129712039795,80.80784941999057,13021100
2025-09-19,82.83367919921875,83.11749114365988,81.16017356812715,82.04096797043168,36482400
2025-09-22,83.34257507324219,83.46000933384065,81.9528741013852,82.08988571646542,14545000
2025-09-23,82.56944274902344,84.81057221843673,81.88437713309787,83.3327953916079,14818500
2025-09-24,82.31498718261719,83.54809928511689,81.87459373643983,82.84346379797421,9478700
2025-09-25,82.5205078125,82.85325567943765,81.77672505102814,81.90395547069868,8514900
2025-09-26,83.1957778930664,83.81233018399107,82.75537699962881,82.88260740880055,8502600
2025-09-29,82.84346008300781,83.37193667466624,82.2464776813144,82.89238853784806,9833700
2025-09-30,82.03117370605469,83.30343303014689,80.89593347216763,82.85325091441811,11429000
2025-10-01,79.14412689208984,81.81586079758111,79.04625505484722,81.32653147765947,16961900
2025-10-02,78.78202819824219,79.32029348933168,78.33184607595535,78.97775695868913,11420000
2025-10-03,78.94840240478516,79.9466385469033,78.72331506548575,79.29093148626727,10124900
2025-10-06,78.96797180175781,79.72153570505884,77.87187138492853,78.84074139390792,12837700
2025-10-07,79.40836334228516,79.62366944286136,78.82116963762384,79.14412878848813,10371300
2025-10-08,78.02845764160156,79.59430999213615,77.84251010834112,79.52580418513067,11277400
2025-10-09,78.1850357055664,79.02668270695389,77.72506496450899,78.20461305903457,8432200
2025-10-10,75.96349334716797,78.72331066843479,75.96349334716797,77.91102213016575,16004300
2025-10-13,77.2357406616211,77.53912992744398,76.60939970838558,77.05958180186279,14229300
2025-10-14,82.75537109375,84.223359033965,78.67436641192978,80.75890659906887,36260600
2025-10-15,84.61483764648438,85.60328510987432,83.34258570605849,83.35236691797421,22909400
2025-10-16,82.20732879638672,85.56412835423544,81.22867012023926,85.13351614742714,22715600
2025-10-17,81.50270080566406,82.72602426268129,80.55340060836687,82.64772976945447,18799000
2025-10-20,84.1842269897461,84.30166873412995,81.31675639689732,81.83545183466207,15777200
2025-10-21,82.95112609863281,85.44670168263787,82.85326170708693,84.28210273006529,20101100
2025-10-22,82.08989715576172,83.34258668710181,81.36569173705149,83.33279800849688,18955000
2025-10-23,82.65751647949219,83.65575257792938,81.96266966844111,82.51071617483099,14157800
2025-10-24,84.56590270996094,85.02586603171156,82.95111434524352,82.99026158962998,14011400
2025-10-27,85.1530990600586,85.47605076967028,84.46803346209818,85.04544600133015,11682000
2025-10-28,85.04544067382812,85.43690563862958,83.94934026569867,85.20202217980481,13201000
2025-10-29,84.1646499633789,85.37818468616379,83.84169079363481,84.96714981552958,16444400
2025-10-30,84.15486145019531,85.39776220894899,84.04720839340331,84.24294461783127,14830000
2025-10-31,85.11394500732422,85.48583261082413,83.19577492627678,83.65574569195246,14776700
2025-11-03,85.43690490722656,86.01430993877149,84.0178453552911,85.28031593601722,12769300
2025-11-04,85.2705307006836,86.6112958211354,84.04720731337942,85.14330775637039,16737700
2025-11-05,85.09437561035156,86.41557090052746,84.0765770775338,85.51519917292137,15609400
2025-11-06,84.20379638671875,85.47604823101865,83.69488967574006,85.04544347546754,16800200
2025-11-07,84.6465072631836,84.69569296561465,82.67889902602683,83.73156913267252,15612100
2025-11-10,84.70553588867188,85.59096112562015,84.06606168944089,84.89246107920262,13138200
2025-11-11,84.7940902709961,85.64999516033953,84.6563582771746,84.71538413000361,13851500
2025-11-12,84.86294555664062,87.20439666190244,84.54812853823711,84.91213125917974,16775200
2025-11-13,83.32820892333984,85.48274242458233,83.10193817096234,84.76456959472152,15708000
2025-11-14,83.67254638671875,83.9676831297265,81.6163917996969,83.08225788904316,15397300
2025-11-17,82.06893920898438,83.67254475410756,81.2031942715586,83.31837466474477,14457100
2025-11-18,82.50181579589844,83.38724102322576,81.58687764529854,82.068939572354,14233900
2025-11-19,82.79695892333984,83.44626574406733,82.25586365120876,82.6198738802633,10959600
2025-11-20,81.06546020507812,84.64650656677486,80.98675407484025,83.68237523593511,12135800
2025-11-21,81.76396179199219,82.27553663669686,79.73732768736582,81.42946448497656,16169500
2025-11-24,83.28886413574219,83.71189272070949,81.07530476651087,81.74428439250387,27574500
2025-11-25,83.72172546386719,84.15460165967639,82.2558594905535,83.16095744012776,12966400
2025-11-26,84.17427825927734,84.99083748176986,83.75124218667048,84.03654628269183,9304300
2025-11-28,84.45957946777344,85.11872640544469,83.92832435946495,84.25298150995839,6545000
2025-12-01,84.01687622070312,85.158085135876,83.79059796280427,84.43991230699488,9794000
2025-12-02,84.9219741821289,85.38436333494667,83.89881696236469,84.30218026787126,9484000
2025-12-03,87.90289306640625,87.94224613031454,84.86294206132753,84.86294206132753,14439300
2025-12-04,88.74897003173828,89.16216596663912,87.87338495290227,87.95209108502524,13433000
2025-12-05,88.3751220703125,89.6343900883958,88.09965812958545,88.53252681965819,11210900
2025-12-08,88.60140228271484,89.54585339730721,87.70614437958437,88.37513152398274,13267300
2025-12-09,87.45035552978516,88.78832985437289,87.34213646633832,88.77848971065124,17101700
2025-12-10,89.22119903564453,89.39828407944461,86.76168870832677,87.4995418065221,22729100
2025-12-11,91.09041595458984,91.90697514050811,88.75880509409119,89.07362209873288,15505100
2025-12-12,91.25767517089844,91.90698200768696,90.62804111456956,91.61184526581219,12532800
2025-12-15,91.3954086303711,92.7333828981757,90.99204531903685,92.0643957642734,13885200
2025-12-16,90.6968994140625,91.66102319726028,89.94920622088813,91.57248443395471,12981100
2025-12-17,91.09041595458984,91.81843637631019,90.97236426899262,91.257668352235,14819000
2025-12-18,89.9984130859375,92.36937734619735,89.81148788281637,91.5233051189961,11844100
2025-12-19,91.50363159179688,91.62168329315968,90.11646405414037,90.12630419786409,37783900
2025-12-22,92.7530517578125,92.86127081209159,91.54297688662602,91.69054150079768,9512300
2025-12-23,92.93997955322266,93.14657752469391,92.50710332395144,92.7137012954227,8642100
2025-12-24,93.75653076171875,94.29761849607698,92.93997158319178,93.11705661581414,5506800
2025-12-26,93.71717834472656,93.9237762999062,93.18592324319488,93.81555725112219,5169400
2025-12-29,92.98916625976562,94.06151670133876,92.84160163985977,93.81556566038887,8624200
2025-12-30,92.78256225585938,93.34333029254596,92.4677452441376,93.19576568223076,6417800
2025-12-31,91.69054412841797,93.14657757855304,91.61184550054772,92.96949253064241,7919300
